{
    "loss": 0.04637080430984497,
    "accuracy": 0.9931895732879639
}